{  
   "breeds":[  
      {  
         "id":"affenpinscher",
         "name":"Affenpinscher",
         "size":1,
         "kidFriendly":1,
         "dogFriendly":1,
         "lowShedding":5,
         "easyToGroom":3,
         "highEnergy":4,
         "goodHealth":4,
         "lowBarking":4,
         "intelligence":4,
         "easyToTrain":2,
         "toleratesHot":3,
         "toleratesCold":3
      },
      {  
         "id":"afghan-hound",
         "name":"Afghan Hound",
         "size":4,
         "kidFriendly":5,
         "dogFriendly":5,
         "lowShedding":2,
         "easyToGroom":1,
         "highEnergy":5,
         "goodHealth":3,
         "lowBarking":4,
         "intelligence":4,
         "easyToTrain":1,
         "toleratesHot":5,
         "toleratesCold":5
      },
      {  
         "id":"airedale-terrier",
         "name":"Airedale Terrier",
         "size":3,
         "kidFriendly":4,
         "dogFriendly":4,
         "lowShedding":4,
         "easyToGroom":2,
         "highEnergy":5,
         "goodHealth":3,
         "lowBarking":2,
         "intelligence":5,
         "easyToTrain":4,
         "toleratesHot":3,
         "toleratesCold":3
      },
      {  
         "id":"akita",
         "name":"Akita",
         "size":4,
         "kidFriendly":1,
         "dogFriendly":1,
         "lowShedding":1,
         "easyToGroom":1,
         "highEnergy":4,
         "goodHealth":4,
         "lowBarking":1,
         "intelligence":3,
         "easyToTrain":2,
         "toleratesHot":2,
         "toleratesCold":5
      },
      {  
         "id":"alaskan-malamute",
         "name":"Alaskan Malamute",
         "size":4,
         "kidFriendly":3,
         "dogFriendly":3,
         "lowShedding":1,
         "easyToGroom":1,
         "highEnergy":5,
         "goodHealth":4,
         "lowBarking":1,
         "intelligence":4,
         "easyToTrain":4,
         "toleratesHot":2,
         "toleratesCold":5
      },
      {  
         "id":"american-english-coonhound",
         "name":"American English Coonhound",
         "size":3,
         "kidFriendly":5,
         "dogFriendly":5,
         "lowShedding":3,
         "easyToGroom":5,
         "highEnergy":5,
         "goodHealth":4,
         "lowBarking":1,
         "intelligence":4,
         "easyToTrain":5,
         "toleratesHot":4,
         "toleratesCold":4
      },
      {  
         "id":"american-eskimo-dog",
         "name":"American Eskimo Dog",
         "size":2,
         "kidFriendly":5,
         "dogFriendly":5,
         "lowShedding":1,
         "easyToGroom":3,
         "highEnergy":5,
         "goodHealth":5,
         "lowBarking":2,
         "intelligence":4,
         "easyToTrain":5,
         "toleratesHot":3,
         "toleratesCold":5
      },
      {  
         "id":"american-foxhound",
         "name":"American Foxhound",
         "size":3,
         "kidFriendly":5,
         "dogFriendly":5,
         "lowShedding":3,
         "easyToGroom":5,
         "highEnergy":5,
         "goodHealth":5,
         "lowBarking":1,
         "intelligence":3,
         "easyToTrain":2,
         "toleratesHot":4,
         "toleratesCold":4
      },
      {  
         "id":"american-pit-bull-terrier",
         "name":"American Pit Bull Terrier",
         "size":3,
         "kidFriendly":5,
         "dogFriendly":5,
         "lowShedding":2,
         "easyToGroom":5,
         "highEnergy":4,
         "goodHealth":4,
         "lowBarking":3,
         "intelligence":4,
         "easyToTrain":4,
         "toleratesHot":3,
         "toleratesCold":2
      },
      {  
         "id":"american-water-spaniel",
         "name":"American Water Spaniel",
         "size":3,
         "kidFriendly":5,
         "dogFriendly":5,
         "lowShedding":3,
         "easyToGroom":3,
         "highEnergy":5,
         "goodHealth":3,
         "lowBarking":3,
         "intelligence":3,
         "easyToTrain":4,
         "toleratesHot":4,
         "toleratesCold":2
      },
      {  
         "id":"anatolian-shepherd-dog",
         "name":"Anatolian Shepherd Dog",
         "size":5,
         "kidFriendly":2,
         "dogFriendly":2,
         "lowShedding":4,
         "easyToGroom":4,
         "highEnergy":3,
         "goodHealth":3,
         "lowBarking":4,
         "intelligence":4,
         "easyToTrain":4,
         "toleratesHot":3,
         "toleratesCold":5
      },
      {  
         "id":"appenzeller-sennenhunde",
         "name":"Appenzeller Sennenhunde",
         "size":3,
         "kidFriendly":5,
         "dogFriendly":5,
         "lowShedding":3,
         "easyToGroom":5,
         "highEnergy":4,
         "goodHealth":4,
         "lowBarking":1,
         "intelligence":4,
         "easyToTrain":4,
         "toleratesHot":4,
         "toleratesCold":5
      },
      {  
         "id":"australian-cattle-dog",
         "name":"Australian Cattle Dog",
         "size":3,
         "kidFriendly":3,
         "dogFriendly":3,
         "lowShedding":3,
         "easyToGroom":4,
         "highEnergy":5,
         "goodHealth":5,
         "lowBarking":4,
         "intelligence":5,
         "easyToTrain":5,
         "toleratesHot":4,
         "toleratesCold":4
      },
      {  
         "id":"australian-shepherd",
         "name":"Australian Shepherd",
         "size":3,
         "kidFriendly":4,
         "dogFriendly":4,
         "lowShedding":3,
         "easyToGroom":1,
         "highEnergy":5,
         "goodHealth":2,
         "lowBarking":2,
         "intelligence":5,
         "easyToTrain":5,
         "toleratesHot":4,
         "toleratesCold":4
      },
      {  
         "id":"australian-terrier",
         "name":"Australian Terrier",
         "size":1,
         "kidFriendly":3,
         "dogFriendly":3,
         "lowShedding":5,
         "easyToGroom":5,
         "highEnergy":5,
         "goodHealth":5,
         "lowBarking":1,
         "intelligence":4,
         "easyToTrain":3,
         "toleratesHot":4,
         "toleratesCold":3
      },
      {  
         "id":"azawakh",
         "name":"Azawakh",
         "size":3,
         "kidFriendly":2,
         "dogFriendly":2,
         "lowShedding":3,
         "easyToGroom":5,
         "highEnergy":3,
         "goodHealth":3,
         "lowBarking":5,
         "intelligence":3,
         "easyToTrain":3,
         "toleratesHot":5,
         "toleratesCold":1
      },
      {  
         "id":"barbet",
         "name":"Barbet",
         "size":3,
         "kidFriendly":4,
         "dogFriendly":4,
         "lowShedding":4,
         "easyToGroom":1,
         "highEnergy":5,
         "goodHealth":4,
         "lowBarking":3,
         "intelligence":4,
         "easyToTrain":4,
         "toleratesHot":4,
         "toleratesCold":4
      },
      {  
         "id":"basenji",
         "name":"Basenji",
         "size":2,
         "kidFriendly":5,
         "dogFriendly":5,
         "lowShedding":5,
         "easyToGroom":5,
         "highEnergy":5,
         "goodHealth":2,
         "lowBarking":5,
         "intelligence":4,
         "easyToTrain":1,
         "toleratesHot":4,
         "toleratesCold":1
      },
      {  
         "id":"basset-hound",
         "name":"Basset Hound",
         "size":2,
         "kidFriendly":5,
         "dogFriendly":5,
         "lowShedding":2,
         "easyToGroom":5,
         "highEnergy":2,
         "goodHealth":1,
         "lowBarking":2,
         "intelligence":4,
         "easyToTrain":2,
         "toleratesHot":2,
         "toleratesCold":2
      },
      {  
         "id":"beagle",
         "name":"Beagle",
         "size":2,
         "kidFriendly":5,
         "dogFriendly":5,
         "lowShedding":3,
         "easyToGroom":4,
         "highEnergy":4,
         "goodHealth":1,
         "lowBarking":1,
         "intelligence":4,
         "easyToTrain":1,
         "toleratesHot":4,
         "toleratesCold":2
      },
      {  
         "id":"bearded-collie",
         "name":"Bearded Collie",
         "size":3,
         "kidFriendly":4,
         "dogFriendly":4,
         "lowShedding":2,
         "easyToGroom":2,
         "highEnergy":4,
         "goodHealth":3,
         "lowBarking":3,
         "intelligence":4,
         "easyToTrain":5,
         "toleratesHot":3,
         "toleratesCold":4
      },
      {  
         "id":"bedlington-terrier",
         "name":"Bedlington Terrier",
         "size":3,
         "kidFriendly":4,
         "dogFriendly":4,
         "lowShedding":1,
         "easyToGroom":1,
         "highEnergy":4,
         "goodHealth":4,
         "lowBarking":3,
         "intelligence":5,
         "easyToTrain":3,
         "toleratesHot":3,
         "toleratesCold":4
      },
      {  
         "id":"belgian-malinois",
         "name":"Belgian Malinois",
         "size":4,
         "kidFriendly":4,
         "dogFriendly":4,
         "lowShedding":4,
         "easyToGroom":5,
         "highEnergy":5,
         "goodHealth":4,
         "lowBarking":4,
         "intelligence":5,
         "easyToTrain":5,
         "toleratesHot":4,
         "toleratesCold":4
      },
      {  
         "id":"belgian-sheepdog",
         "name":"Belgian Sheepdog",
         "size":4,
         "kidFriendly":5,
         "dogFriendly":5,
         "lowShedding":1,
         "easyToGroom":3,
         "highEnergy":5,
         "goodHealth":3,
         "lowBarking":5,
         "intelligence":5,
         "easyToTrain":5,
         "toleratesHot":3,
         "toleratesCold":4
      },
      {  
         "id":"belgian-tervuren",
         "name":"Belgian Tervuren",
         "size":4,
         "kidFriendly":3,
         "dogFriendly":3,
         "lowShedding":2,
         "easyToGroom":3,
         "highEnergy":5,
         "goodHealth":3,
         "lowBarking":1,
         "intelligence":5,
         "easyToTrain":5,
         "toleratesHot":3,
         "toleratesCold":4
      },
      {  
         "id":"berger-picard",
         "name":"Berger Picard",
         "size":4,
         "kidFriendly":5,
         "dogFriendly":5,
         "lowShedding":2,
         "easyToGroom":5,
         "highEnergy":5,
         "goodHealth":5,
         "lowBarking":4,
         "intelligence":4,
         "easyToTrain":4,
         "toleratesHot":3,
         "toleratesCold":4
      },
      {  
         "id":"bernese-mountain-dog",
         "name":"Bernese Mountain Dog",
         "size":5,
         "kidFriendly":5,
         "dogFriendly":5,
         "lowShedding":1,
         "easyToGroom":3,
         "highEnergy":4,
         "goodHealth":1,
         "lowBarking":2,
         "intelligence":4,
         "easyToTrain":4,
         "toleratesHot":1,
         "toleratesCold":5
      },
      {  
         "id":"bichon-frise",
         "name":"Bichon Frise",
         "size":2,
         "kidFriendly":4,
         "dogFriendly":4,
         "lowShedding":4,
         "easyToGroom":1,
         "highEnergy":5,
         "goodHealth":4,
         "lowBarking":4,
         "intelligence":4,
         "easyToTrain":5,
         "toleratesHot":4,
         "toleratesCold":3
      },
      {  
         "id":"black-and-tan-coonhound",
         "name":"Black and Tan Coonhound",
         "size":3,
         "kidFriendly":5,
         "dogFriendly":5,
         "lowShedding":1,
         "easyToGroom":4,
         "highEnergy":5,
         "goodHealth":5,
         "lowBarking":1,
         "intelligence":5,
         "easyToTrain":2,
         "toleratesHot":4,
         "toleratesCold":4
      },
      {  
         "id":"black-russian-terrier",
         "name":"Black Russian Terrier",
         "size":5,
         "kidFriendly":5,
         "dogFriendly":5,
         "lowShedding":4,
         "easyToGroom":2,
         "highEnergy":4,
         "goodHealth":3,
         "lowBarking":3,
         "intelligence":4,
         "easyToTrain":4,
         "toleratesHot":3,
         "toleratesCold":4
      },
      {  
         "id":"bloodhound",
         "name":"Bloodhound",
         "size":4,
         "kidFriendly":5,
         "dogFriendly":5,
         "lowShedding":2,
         "easyToGroom":1,
         "highEnergy":5,
         "goodHealth":3,
         "lowBarking":2,
         "intelligence":4,
         "easyToTrain":3,
         "toleratesHot":3,
         "toleratesCold":3
      },
      {  
         "id":"bluetick-coonhound",
         "name":"Bluetick Coonhound",
         "size":3,
         "kidFriendly":5,
         "dogFriendly":5,
         "lowShedding":4,
         "easyToGroom":5,
         "highEnergy":5,
         "goodHealth":4,
         "lowBarking":2,
         "intelligence":4,
         "easyToTrain":2,
         "toleratesHot":3,
         "toleratesCold":3
      },
      {  
         "id":"bolognese",
         "name":"Bolognese",
         "size":1,
         "kidFriendly":5,
         "dogFriendly":5,
         "lowShedding":5,
         "easyToGroom":1,
         "highEnergy":3,
         "goodHealth":5,
         "lowBarking":2,
         "intelligence":4,
         "easyToTrain":5,
         "toleratesHot":3,
         "toleratesCold":2
      },
      {  
         "id":"border-collie",
         "name":"Border Collie",
         "size":3,
         "kidFriendly":4,
         "dogFriendly":4,
         "lowShedding":3,
         "easyToGroom":3,
         "highEnergy":5,
         "goodHealth":2,
         "lowBarking":4,
         "intelligence":5,
         "easyToTrain":5,
         "toleratesHot":4,
         "toleratesCold":4
      },
      {  
         "id":"border-terrier",
         "name":"Border Terrier",
         "size":2,
         "kidFriendly":4,
         "dogFriendly":4,
         "lowShedding":3,
         "easyToGroom":2,
         "highEnergy":4,
         "goodHealth":4,
         "lowBarking":5,
         "intelligence":5,
         "easyToTrain":3,
         "toleratesHot":3,
         "toleratesCold":4
      },
      {  
         "id":"borzoi",
         "name":"Borzoi",
         "size":5,
         "kidFriendly":3,
         "dogFriendly":3,
         "lowShedding":1,
         "easyToGroom":4,
         "highEnergy":2,
         "goodHealth":4,
         "lowBarking":4,
         "intelligence":4,
         "easyToTrain":3,
         "toleratesHot":3,
         "toleratesCold":4
      },
      {  
         "id":"boston-terrier",
         "name":"Boston Terrier",
         "size":2,
         "kidFriendly":5,
         "dogFriendly":5,
         "lowShedding":4,
         "easyToGroom":5,
         "highEnergy":4,
         "goodHealth":4,
         "lowBarking":3,
         "intelligence":4,
         "easyToTrain":4,
         "toleratesHot":2,
         "toleratesCold":3
      },
      {  
         "id":"bouvier-des-flandres",
         "name":"Bouvier des Flandres",
         "size":4,
         "kidFriendly":5,
         "dogFriendly":5,
         "lowShedding":5,
         "easyToGroom":2,
         "highEnergy":4,
         "goodHealth":3,
         "lowBarking":2,
         "intelligence":4,
         "easyToTrain":5,
         "toleratesHot":2,
         "toleratesCold":4
      },
      {  
         "id":"boxer",
         "name":"Boxer",
         "size":3,
         "kidFriendly":4,
         "dogFriendly":4,
         "lowShedding":2,
         "easyToGroom":5,
         "highEnergy":5,
         "goodHealth":2,
         "lowBarking":3,
         "intelligence":4,
         "easyToTrain":4,
         "toleratesHot":1,
         "toleratesCold":2
      },
      {  
         "id":"boykin-spaniel",
         "name":"Boykin Spaniel",
         "size":3,
         "kidFriendly":5,
         "dogFriendly":5,
         "lowShedding":2,
         "easyToGroom":1,
         "highEnergy":5,
         "goodHealth":2,
         "lowBarking":3,
         "intelligence":4,
         "easyToTrain":4,
         "toleratesHot":4,
         "toleratesCold":3
      },
      {  
         "id":"bracco-italiano",
         "name":"Bracco Italiano",
         "size":4,
         "kidFriendly":3,
         "dogFriendly":3,
         "lowShedding":3,
         "easyToGroom":5,
         "highEnergy":4,
         "goodHealth":2,
         "lowBarking":4,
         "intelligence":4,
         "easyToTrain":3,
         "toleratesHot":3,
         "toleratesCold":3
      },
      {  
         "id":"briard",
         "name":"Briard",
         "size":4,
         "kidFriendly":5,
         "dogFriendly":5,
         "lowShedding":5,
         "easyToGroom":1,
         "highEnergy":4,
         "goodHealth":3,
         "lowBarking":2,
         "intelligence":4,
         "easyToTrain":4,
         "toleratesHot":3,
         "toleratesCold":4
      },
      {  
         "id":"brittany",
         "name":"Brittany",
         "size":3,
         "kidFriendly":5,
         "dogFriendly":5,
         "lowShedding":3,
         "easyToGroom":3,
         "highEnergy":5,
         "goodHealth":4,
         "lowBarking":3,
         "intelligence":5,
         "easyToTrain":3,
         "toleratesHot":3,
         "toleratesCold":4
      },
      {  
         "id":"brussels-griffon",
         "name":"Brussels Griffon",
         "size":1,
         "kidFriendly":1,
         "dogFriendly":1,
         "lowShedding":3,
         "easyToGroom":3,
         "highEnergy":5,
         "goodHealth":3,
         "lowBarking":2,
         "intelligence":4,
         "easyToTrain":3,
         "toleratesHot":2,
         "toleratesCold":1
      },
      {  
         "id":"bull-terrier",
         "name":"Bull Terrier",
         "size":2,
         "kidFriendly":5,
         "dogFriendly":5,
         "lowShedding":3,
         "easyToGroom":5,
         "highEnergy":4,
         "goodHealth":4,
         "lowBarking":5,
         "intelligence":4,
         "easyToTrain":5,
         "toleratesHot":4,
         "toleratesCold":1
      },
      {  
         "id":"bulldog",
         "name":"Bulldog",
         "size":2,
         "kidFriendly":4,
         "dogFriendly":4,
         "lowShedding":3,
         "easyToGroom":5,
         "highEnergy":2,
         "goodHealth":4,
         "lowBarking":2,
         "intelligence":2,
         "easyToTrain":3,
         "toleratesHot":1,
         "toleratesCold":1
      },
      {  
         "id":"bullmastiff",
         "name":"Bullmastiff",
         "size":5,
         "kidFriendly":5,
         "dogFriendly":5,
         "lowShedding":5,
         "easyToGroom":5,
         "highEnergy":2,
         "goodHealth":2,
         "lowBarking":2,
         "intelligence":3,
         "easyToTrain":3,
         "toleratesHot":2,
         "toleratesCold":4
      },
      {  
         "id":"cairn-terrier",
         "name":"Cairn Terrier",
         "size":1,
         "kidFriendly":5,
         "dogFriendly":5,
         "lowShedding":3,
         "easyToGroom":5,
         "highEnergy":5,
         "goodHealth":4,
         "lowBarking":2,
         "intelligence":5,
         "easyToTrain":2,
         "toleratesHot":4,
         "toleratesCold":4
      },
      {  
         "id":"canaan-dog",
         "name":"Canaan Dog",
         "size":3,
         "kidFriendly":2,
         "dogFriendly":2,
         "lowShedding":5,
         "easyToGroom":5,
         "highEnergy":4,
         "goodHealth":5,
         "lowBarking":3,
         "intelligence":4,
         "easyToTrain":5,
         "toleratesHot":5,
         "toleratesCold":3
      },
      {  
         "id":"cane-corso",
         "name":"Cane Corso",
         "size":4,
         "kidFriendly":2,
         "dogFriendly":2,
         "lowShedding":3,
         "easyToGroom":5,
         "highEnergy":4,
         "goodHealth":3,
         "lowBarking":3,
         "intelligence":5,
         "easyToTrain":4,
         "toleratesHot":4,
         "toleratesCold":3
      },
      {  
         "id":"cardigan-welsh-corgi",
         "name":"Cardigan Welsh Corgi",
         "size":2,
         "kidFriendly":4,
         "dogFriendly":4,
         "lowShedding":2,
         "easyToGroom":3,
         "highEnergy":3,
         "goodHealth":4,
         "lowBarking":4,
         "intelligence":5,
         "easyToTrain":4,
         "toleratesHot":3,
         "toleratesCold":4
      },
      {  
         "id":"catahoula-leopard-dog",
         "name":"Catahoula Leopard Dog",
         "size":4,
         "kidFriendly":3,
         "dogFriendly":3,
         "lowShedding":3,
         "easyToGroom":5,
         "highEnergy":4,
         "goodHealth":3,
         "lowBarking":3,
         "intelligence":3,
         "easyToTrain":2,
         "toleratesHot":3,
         "toleratesCold":3
      },
      {  
         "id":"cavalier-king-charles-spaniel",
         "name":"Cavalier King Charles Spaniel",
         "size":2,
         "kidFriendly":5,
         "dogFriendly":5,
         "lowShedding":3,
         "easyToGroom":4,
         "highEnergy":3,
         "goodHealth":4,
         "lowBarking":3,
         "intelligence":4,
         "easyToTrain":4,
         "toleratesHot":2,
         "toleratesCold":3
      },
      {  
         "id":"cesky-terrier",
         "name":"Cesky Terrier",
         "size":2,
         "kidFriendly":3,
         "dogFriendly":3,
         "lowShedding":5,
         "easyToGroom":4,
         "highEnergy":2,
         "goodHealth":5,
         "lowBarking":3,
         "intelligence":3,
         "easyToTrain":4,
         "toleratesHot":3,
         "toleratesCold":3
      },
      {  
         "id":"chesapeake-bay-retriever",
         "name":"Chesapeake Bay Retriever",
         "size":3,
         "kidFriendly":3,
         "dogFriendly":3,
         "lowShedding":1,
         "easyToGroom":5,
         "highEnergy":5,
         "goodHealth":4,
         "lowBarking":3,
         "intelligence":4,
         "easyToTrain":3,
         "toleratesHot":4,
         "toleratesCold":4
      },
      {  
         "id":"chihuahua",
         "name":"Chihuahua",
         "size":1,
         "kidFriendly":5,
         "dogFriendly":5,
         "lowShedding":4,
         "easyToGroom":5,
         "highEnergy":3,
         "goodHealth":2,
         "lowBarking":3,
         "intelligence":4,
         "easyToTrain":4,
         "toleratesHot":2,
         "toleratesCold":1
      },
      {  
         "id":"chinese-crested",
         "name":"Chinese Crested",
         "size":2,
         "kidFriendly":5,
         "dogFriendly":5,
         "lowShedding":4,
         "easyToGroom":2,
         "highEnergy":2,
         "goodHealth":5,
         "lowBarking":3,
         "intelligence":3,
         "easyToTrain":4,
         "toleratesHot":3,
         "toleratesCold":1
      },
      {  
         "id":"chinese-shar-pei",
         "name":"Chinese Shar-Pei",
         "size":3,
         "kidFriendly":2,
         "dogFriendly":2,
         "lowShedding":1,
         "easyToGroom":5,
         "highEnergy":2,
         "goodHealth":1,
         "lowBarking":1,
         "intelligence":2,
         "easyToTrain":3,
         "toleratesHot":1,
         "toleratesCold":2
      },
      {  
         "id":"chinook",
         "name":"Chinook",
         "size":4,
         "kidFriendly":5,
         "dogFriendly":5,
         "lowShedding":1,
         "easyToGroom":2,
         "highEnergy":3,
         "goodHealth":4,
         "lowBarking":4,
         "intelligence":5,
         "easyToTrain":4,
         "toleratesHot":4,
         "toleratesCold":5
      },
      {  
         "id":"chow-chow",
         "name":"Chow Chow",
         "size":4,
         "kidFriendly":1,
         "dogFriendly":1,
         "lowShedding":5,
         "easyToGroom":1,
         "highEnergy":2,
         "goodHealth":2,
         "lowBarking":5,
         "intelligence":1,
         "easyToTrain":2,
         "toleratesHot":2,
         "toleratesCold":5
      },
      {  
         "id":"clumber-spaniel",
         "name":"Clumber Spaniel",
         "size":3,
         "kidFriendly":3,
         "dogFriendly":3,
         "lowShedding":1,
         "easyToGroom":1,
         "highEnergy":3,
         "goodHealth":2,
         "lowBarking":5,
         "intelligence":3,
         "easyToTrain":4,
         "toleratesHot":2,
         "toleratesCold":5
      },
      {  
         "id":"cockapoo",
         "name":"Cockapoo",
         "size":2,
         "kidFriendly":4,
         "dogFriendly":4,
         "lowShedding":5,
         "easyToGroom":3,
         "highEnergy":3,
         "goodHealth":2,
         "lowBarking":4,
         "intelligence":4,
         "easyToTrain":4,
         "toleratesHot":4,
         "toleratesCold":4
      },
      {  
         "id":"cocker-spaniel",
         "name":"Cocker Spaniel",
         "size":2,
         "kidFriendly":3,
         "dogFriendly":3,
         "lowShedding":3,
         "easyToGroom":1,
         "highEnergy":4,
         "goodHealth":4,
         "lowBarking":3,
         "intelligence":4,
         "easyToTrain":5,
         "toleratesHot":3,
         "toleratesCold":4
      },
      {  
         "id":"collie",
         "name":"Collie",
         "size":3,
         "kidFriendly":5,
         "dogFriendly":5,
         "lowShedding":1,
         "easyToGroom":2,
         "highEnergy":3,
         "goodHealth":3,
         "lowBarking":2,
         "intelligence":4,
         "easyToTrain":4,
         "toleratesHot":3,
         "toleratesCold":4
      },
      {  
         "id":"coton-de-tulear",
         "name":"Coton de Tulear",
         "size":1,
         "kidFriendly":5,
         "dogFriendly":5,
         "lowShedding":5,
         "easyToGroom":2,
         "highEnergy":3,
         "goodHealth":5,
         "lowBarking":4,
         "intelligence":4,
         "easyToTrain":3,
         "toleratesHot":3,
         "toleratesCold":3
      },
      {  
         "id":"curly-coated-retriever",
         "name":"Curly-Coated Retriever",
         "size":3,
         "kidFriendly":5,
         "dogFriendly":5,
         "lowShedding":3,
         "easyToGroom":3,
         "highEnergy":5,
         "goodHealth":2,
         "lowBarking":3,
         "intelligence":5,
         "easyToTrain":4,
         "toleratesHot":4,
         "toleratesCold":4
      },
      {  
         "id":"dachshund",
         "name":"Dachshund",
         "size":1,
         "kidFriendly":5,
         "dogFriendly":5,
         "lowShedding":3,
         "easyToGroom":3,
         "highEnergy":3,
         "goodHealth":2,
         "lowBarking":1,
         "intelligence":4,
         "easyToTrain":2,
         "toleratesHot":3,
         "toleratesCold":1
      },
      {  
         "id":"dalmatian",
         "name":"Dalmatian",
         "size":3,
         "kidFriendly":4,
         "dogFriendly":4,
         "lowShedding":1,
         "easyToGroom":5,
         "highEnergy":5,
         "goodHealth":4,
         "lowBarking":4,
         "intelligence":4,
         "easyToTrain":4,
         "toleratesHot":4,
         "toleratesCold":3
      },
      {  
         "id":"dandie-dinmont-terrier",
         "name":"Dandie Dinmont Terrier",
         "size":1,
         "kidFriendly":4,
         "dogFriendly":4,
         "lowShedding":3,
         "easyToGroom":2,
         "highEnergy":3,
         "goodHealth":3,
         "lowBarking":4,
         "intelligence":3,
         "easyToTrain":2,
         "toleratesHot":3,
         "toleratesCold":3
      },
      {  
         "id":"doberman-pinscher",
         "name":"Doberman Pinscher",
         "size":4,
         "kidFriendly":3,
         "dogFriendly":3,
         "lowShedding":2,
         "easyToGroom":5,
         "highEnergy":3,
         "goodHealth":1,
         "lowBarking":5,
         "intelligence":5,
         "easyToTrain":5,
         "toleratesHot":4,
         "toleratesCold":1
      },
      {  
         "id":"dogue-de-bordeaux",
         "name":"Dogue de Bordeaux",
         "size":4,
         "kidFriendly":5,
         "dogFriendly":5,
         "lowShedding":3,
         "easyToGroom":5,
         "highEnergy":2,
         "goodHealth":2,
         "lowBarking":4,
         "intelligence":3,
         "easyToTrain":2,
         "toleratesHot":2,
         "toleratesCold":3
      },
      {  
         "id":"english-cocker-spaniel",
         "name":"English Cocker Spaniel",
         "size":2,
         "kidFriendly":5,
         "dogFriendly":5,
         "lowShedding":3,
         "easyToGroom":3,
         "highEnergy":5,
         "goodHealth":4,
         "lowBarking":2,
         "intelligence":5,
         "easyToTrain":4,
         "toleratesHot":3,
         "toleratesCold":4
      },
      {  
         "id":"english-foxhound",
         "name":"English Foxhound",
         "size":3,
         "kidFriendly":4,
         "dogFriendly":4,
         "lowShedding":3,
         "easyToGroom":5,
         "highEnergy":5,
         "goodHealth":4,
         "lowBarking":2,
         "intelligence":3,
         "easyToTrain":3,
         "toleratesHot":3,
         "toleratesCold":3
      },
      {  
         "id":"english-setter",
         "name":"English Setter",
         "size":3,
         "kidFriendly":5,
         "dogFriendly":5,
         "lowShedding":3,
         "easyToGroom":3,
         "highEnergy":4,
         "goodHealth":3,
         "lowBarking":2,
         "intelligence":5,
         "easyToTrain":3,
         "toleratesHot":3,
         "toleratesCold":4
      },
      {  
         "id":"english-springer-spaniel",
         "name":"English Springer Spaniel",
         "size":3,
         "kidFriendly":5,
         "dogFriendly":5,
         "lowShedding":3,
         "easyToGroom":2,
         "highEnergy":5,
         "goodHealth":3,
         "lowBarking":3,
         "intelligence":5,
         "easyToTrain":5,
         "toleratesHot":4,
         "toleratesCold":3
      },
      {  
         "id":"english-toy-spaniel",
         "name":"English Toy Spaniel",
         "size":2,
         "kidFriendly":1,
         "dogFriendly":1,
         "lowShedding":1,
         "easyToGroom":4,
         "highEnergy":3,
         "goodHealth":2,
         "lowBarking":3,
         "intelligence":3,
         "easyToTrain":3,
         "toleratesHot":2,
         "toleratesCold":2
      },
      {  
         "id":"entlebucher-mountain-dog",
         "name":"Entlebucher Mountain Dog",
         "size":3,
         "kidFriendly":5,
         "dogFriendly":5,
         "lowShedding":3,
         "easyToGroom":5,
         "highEnergy":5,
         "goodHealth":3,
         "lowBarking":1,
         "intelligence":4,
         "easyToTrain":3,
         "toleratesHot":2,
         "toleratesCold":4
      },
      {  
         "id":"field-spaniel",
         "name":"Field Spaniel",
         "size":2,
         "kidFriendly":5,
         "dogFriendly":5,
         "lowShedding":3,
         "easyToGroom":4,
         "highEnergy":5,
         "goodHealth":3,
         "lowBarking":4,
         "intelligence":5,
         "easyToTrain":5,
         "toleratesHot":4,
         "toleratesCold":3
      },
      {  
         "id":"finnish-lapphund",
         "name":"Finnish Lapphund",
         "size":3,
         "kidFriendly":5,
         "dogFriendly":5,
         "lowShedding":3,
         "easyToGroom":4,
         "highEnergy":5,
         "goodHealth":4,
         "lowBarking":3,
         "intelligence":5,
         "easyToTrain":5,
         "toleratesHot":2,
         "toleratesCold":5
      },
      {  
         "id":"finnish-spitz",
         "name":"Finnish Spitz",
         "size":3,
         "kidFriendly":5,
         "dogFriendly":5,
         "lowShedding":2,
         "easyToGroom":2,
         "highEnergy":5,
         "goodHealth":4,
         "lowBarking":1,
         "intelligence":4,
         "easyToTrain":3,
         "toleratesHot":3,
         "toleratesCold":5
      },
      {  
         "id":"flat-coated-retriever",
         "name":"Flat-Coated Retriever",
         "size":3,
         "kidFriendly":5,
         "dogFriendly":5,
         "lowShedding":3,
         "easyToGroom":4,
         "highEnergy":5,
         "goodHealth":4,
         "lowBarking":2,
         "intelligence":5,
         "easyToTrain":4,
         "toleratesHot":4,
         "toleratesCold":4
      },
      {  
         "id":"fox-terrier",
         "name":"Fox Terrier",
         "size":2,
         "kidFriendly":4,
         "dogFriendly":4,
         "lowShedding":4,
         "easyToGroom":2,
         "highEnergy":5,
         "goodHealth":4,
         "lowBarking":3,
         "intelligence":5,
         "easyToTrain":5,
         "toleratesHot":4,
         "toleratesCold":3
      },
      {  
         "id":"french-bulldog",
         "name":"French Bulldog",
         "size":2,
         "kidFriendly":4,
         "dogFriendly":4,
         "lowShedding":3,
         "easyToGroom":5,
         "highEnergy":3,
         "goodHealth":2,
         "lowBarking":3,
         "intelligence":3,
         "easyToTrain":4,
         "toleratesHot":1,
         "toleratesCold":2
      },
      {  
         "id":"german-pinscher",
         "name":"German Pinscher",
         "size":3,
         "kidFriendly":3,
         "dogFriendly":3,
         "lowShedding":3,
         "easyToGroom":5,
         "highEnergy":5,
         "goodHealth":4,
         "lowBarking":3,
         "intelligence":5,
         "easyToTrain":4,
         "toleratesHot":4,
         "toleratesCold":3
      },
      {  
         "id":"german-shepherd-dog",
         "name":"German Shepherd Dog",
         "size":4,
         "kidFriendly":5,
         "dogFriendly":5,
         "lowShedding":1,
         "easyToGroom":5,
         "highEnergy":5,
         "goodHealth":4,
         "lowBarking":2,
         "intelligence":5,
         "easyToTrain":5,
         "toleratesHot":3,
         "toleratesCold":4
      },
      {  
         "id":"german-shorthaired-pointer",
         "name":"German Shorthaired Pointer",
         "size":3,
         "kidFriendly":5,
         "dogFriendly":5,
         "lowShedding":4,
         "easyToGroom":5,
         "highEnergy":5,
         "goodHealth":3,
         "lowBarking":3,
         "intelligence":5,
         "easyToTrain":5,
         "toleratesHot":4,
         "toleratesCold":2
      },
      {  
         "id":"german-wirehaired-pointer",
         "name":"German Wirehaired Pointer",
         "size":4,
         "kidFriendly":3,
         "dogFriendly":3,
         "lowShedding":4,
         "easyToGroom":4,
         "highEnergy":5,
         "goodHealth":4,
         "lowBarking":3,
         "intelligence":5,
         "easyToTrain":4,
         "toleratesHot":4,
         "toleratesCold":3
      },
      {  
         "id":"giant-schnauzer",
         "name":"Giant Schnauzer",
         "size":4,
         "kidFriendly":3,
         "dogFriendly":3,
         "lowShedding":2,
         "easyToGroom":2,
         "highEnergy":5,
         "goodHealth":4,
         "lowBarking":2,
         "intelligence":4,
         "easyToTrain":5,
         "toleratesHot":2,
         "toleratesCold":4
      },
      {  
         "id":"glen-of-imaal-terrier",
         "name":"Glen of Imaal Terrier",
         "size":1,
         "kidFriendly":5,
         "dogFriendly":5,
         "lowShedding":5,
         "easyToGroom":5,
         "highEnergy":4,
         "goodHealth":5,
         "lowBarking":2,
         "intelligence":4,
         "easyToTrain":4,
         "toleratesHot":4,
         "toleratesCold":3
      },
      {  
         "id":"goldador",
         "name":"Goldador",
         "size":4,
         "kidFriendly":5,
         "dogFriendly":5,
         "lowShedding":3,
         "easyToGroom":4,
         "highEnergy":5,
         "goodHealth":4,
         "lowBarking":5,
         "intelligence":5,
         "easyToTrain":4,
         "toleratesHot":4,
         "toleratesCold":5
      },
      {  
         "id":"golden-retriever",
         "name":"Golden Retriever",
         "size":3,
         "kidFriendly":5,
         "dogFriendly":5,
         "lowShedding":1,
         "easyToGroom":2,
         "highEnergy":5,
         "goodHealth":2,
         "lowBarking":3,
         "intelligence":5,
         "easyToTrain":5,
         "toleratesHot":3,
         "toleratesCold":3
      },
      {  
         "id":"goldendoodle",
         "name":"Goldendoodle",
         "size":4,
         "kidFriendly":5,
         "dogFriendly":5,
         "lowShedding":4,
         "easyToGroom":4,
         "highEnergy":4,
         "goodHealth":3,
         "lowBarking":3,
         "intelligence":5,
         "easyToTrain":4,
         "toleratesHot":3,
         "toleratesCold":3
      },
      {  
         "id":"gordon-setter",
         "name":"Gordon Setter",
         "size":3,
         "kidFriendly":3,
         "dogFriendly":3,
         "lowShedding":1,
         "easyToGroom":2,
         "highEnergy":5,
         "goodHealth":4,
         "lowBarking":1,
         "intelligence":5,
         "easyToTrain":5,
         "toleratesHot":3,
         "toleratesCold":4
      },
      {  
         "id":"great-dane",
         "name":"Great Dane",
         "size":5,
         "kidFriendly":5,
         "dogFriendly":5,
         "lowShedding":1,
         "easyToGroom":5,
         "highEnergy":5,
         "goodHealth":4,
         "lowBarking":2,
         "intelligence":3,
         "easyToTrain":5,
         "toleratesHot":3,
         "toleratesCold":2
      },
      {  
         "id":"great-pyrenees",
         "name":"Great Pyrenees",
         "size":5,
         "kidFriendly":4,
         "dogFriendly":4,
         "lowShedding":1,
         "easyToGroom":4,
         "highEnergy":5,
         "goodHealth":2,
         "lowBarking":1,
         "intelligence":4,
         "easyToTrain":1,
         "toleratesHot":3,
         "toleratesCold":5
      },
      {  
         "id":"greater-swiss-mountain-dog",
         "name":"Greater Swiss Mountain Dog",
         "size":5,
         "kidFriendly":5,
         "dogFriendly":5,
         "lowShedding":3,
         "easyToGroom":5,
         "highEnergy":5,
         "goodHealth":2,
         "lowBarking":2,
         "intelligence":3,
         "easyToTrain":3,
         "toleratesHot":1,
         "toleratesCold":5
      },
      {  
         "id":"greyhound",
         "name":"Greyhound",
         "size":4,
         "kidFriendly":5,
         "dogFriendly":5,
         "lowShedding":2,
         "easyToGroom":5,
         "highEnergy":5,
         "goodHealth":4,
         "lowBarking":4,
         "intelligence":5,
         "easyToTrain":5,
         "toleratesHot":5,
         "toleratesCold":1
      },
      {  
         "id":"harrier",
         "name":"Harrier",
         "size":3,
         "kidFriendly":5,
         "dogFriendly":5,
         "lowShedding":3,
         "easyToGroom":5,
         "highEnergy":5,
         "goodHealth":5,
         "lowBarking":2,
         "intelligence":4,
         "easyToTrain":2,
         "toleratesHot":4,
         "toleratesCold":3
      },
      {  
         "id":"havanese",
         "name":"Havanese",
         "size":2,
         "kidFriendly":4,
         "dogFriendly":4,
         "lowShedding":4,
         "easyToGroom":1,
         "highEnergy":3,
         "goodHealth":3,
         "lowBarking":4,
         "intelligence":4,
         "easyToTrain":5,
         "toleratesHot":4,
         "toleratesCold":3
      },
      {  
         "id":"ibizan-hound",
         "name":"Ibizan Hound",
         "size":3,
         "kidFriendly":5,
         "dogFriendly":5,
         "lowShedding":3,
         "easyToGroom":5,
         "highEnergy":5,
         "goodHealth":4,
         "lowBarking":4,
         "intelligence":4,
         "easyToTrain":3,
         "toleratesHot":4,
         "toleratesCold":1
      },
      {  
         "id":"icelandic-sheepdog",
         "name":"Icelandic Sheepdog",
         "size":3,
         "kidFriendly":4,
         "dogFriendly":4,
         "lowShedding":1,
         "easyToGroom":1,
         "highEnergy":4,
         "goodHealth":3,
         "lowBarking":5,
         "intelligence":4,
         "easyToTrain":3,
         "toleratesHot":3,
         "toleratesCold":5
      },
      {  
         "id":"irish-red-and-white-setter",
         "name":"Irish Red and White Setter",
         "size":3,
         "kidFriendly":4,
         "dogFriendly":4,
         "lowShedding":3,
         "easyToGroom":3,
         "highEnergy":5,
         "goodHealth":2,
         "lowBarking":3,
         "intelligence":4,
         "easyToTrain":4,
         "toleratesHot":3,
         "toleratesCold":4
      },
      {  
         "id":"irish-setter",
         "name":"Irish Setter",
         "size":4,
         "kidFriendly":5,
         "dogFriendly":5,
         "lowShedding":2,
         "easyToGroom":3,
         "highEnergy":5,
         "goodHealth":2,
         "lowBarking":2,
         "intelligence":5,
         "easyToTrain":4,
         "toleratesHot":3,
         "toleratesCold":4
      },
      {  
         "id":"irish-terrier",
         "name":"Irish Terrier",
         "size":3,
         "kidFriendly":5,
         "dogFriendly":5,
         "lowShedding":2,
         "easyToGroom":2,
         "highEnergy":5,
         "goodHealth":5,
         "lowBarking":2,
         "intelligence":4,
         "easyToTrain":1,
         "toleratesHot":4,
         "toleratesCold":4
      },
      {  
         "id":"irish-water-spaniel",
         "name":"Irish Water Spaniel",
         "size":3,
         "kidFriendly":5,
         "dogFriendly":5,
         "lowShedding":5,
         "easyToGroom":3,
         "highEnergy":5,
         "goodHealth":2,
         "lowBarking":2,
         "intelligence":4,
         "easyToTrain":5,
         "toleratesHot":4,
         "toleratesCold":4
      },
      {  
         "id":"irish-wolfhound",
         "name":"Irish Wolfhound",
         "size":5,
         "kidFriendly":5,
         "dogFriendly":5,
         "lowShedding":3,
         "easyToGroom":3,
         "highEnergy":2,
         "goodHealth":1,
         "lowBarking":5,
         "intelligence":4,
         "easyToTrain":3,
         "toleratesHot":2,
         "toleratesCold":4
      },
      {  
         "id":"italian-greyhound",
         "name":"Italian Greyhound",
         "size":2,
         "kidFriendly":5,
         "dogFriendly":5,
         "lowShedding":4,
         "easyToGroom":5,
         "highEnergy":4,
         "goodHealth":3,
         "lowBarking":3,
         "intelligence":3,
         "easyToTrain":3,
         "toleratesHot":3,
         "toleratesCold":1
      },
      {  
         "id":"jack-russell-terrier",
         "name":"Jack Russell Terrier",
         "size":2,
         "kidFriendly":4,
         "dogFriendly":4,
         "lowShedding":3,
         "easyToGroom":3,
         "highEnergy":5,
         "goodHealth":4,
         "lowBarking":2,
         "intelligence":5,
         "easyToTrain":4,
         "toleratesHot":3,
         "toleratesCold":4
      },
      {  
         "id":"japanese-chin",
         "name":"Japanese Chin",
         "size":1,
         "kidFriendly":3,
         "dogFriendly":3,
         "lowShedding":3,
         "easyToGroom":3,
         "highEnergy":2,
         "goodHealth":3,
         "lowBarking":3,
         "intelligence":3,
         "easyToTrain":3,
         "toleratesHot":2,
         "toleratesCold":3
      },
      {  
         "id":"jindo",
         "name":"Korean Jindo Dog",
         "size":3,
         "kidFriendly":3,
         "dogFriendly":3,
         "lowShedding":1,
         "easyToGroom":1,
         "highEnergy":4,
         "goodHealth":4,
         "lowBarking":null,
         "intelligence":5,
         "easyToTrain":2,
         "toleratesHot":2,
         "toleratesCold":5
      },
      {  
         "id":"keeshond",
         "name":"Keeshond",
         "size":3,
         "kidFriendly":5,
         "dogFriendly":5,
         "lowShedding":1,
         "easyToGroom":3,
         "highEnergy":4,
         "goodHealth":3,
         "lowBarking":2,
         "intelligence":4,
         "easyToTrain":4,
         "toleratesHot":3,
         "toleratesCold":5
      },
      {  
         "id":"kerry-blue-terrier",
         "name":"Kerry Blue Terrier",
         "size":3,
         "kidFriendly":4,
         "dogFriendly":4,
         "lowShedding":5,
         "easyToGroom":2,
         "highEnergy":4,
         "goodHealth":3,
         "lowBarking":2,
         "intelligence":4,
         "easyToTrain":4,
         "toleratesHot":3,
         "toleratesCold":4
      },
      {  
         "id":"komondor",
         "name":"Komondor",
         "size":4,
         "kidFriendly":3,
         "dogFriendly":3,
         "lowShedding":3,
         "easyToGroom":2,
         "highEnergy":2,
         "goodHealth":2,
         "lowBarking":1,
         "intelligence":4,
         "easyToTrain":4,
         "toleratesHot":3,
         "toleratesCold":4
      },
      {  
         "id":"kooikerhondje",
         "name":"Kooikerhondje",
         "size":3,
         "kidFriendly":2,
         "dogFriendly":2,
         "lowShedding":3,
         "easyToGroom":2,
         "highEnergy":4,
         "goodHealth":5,
         "lowBarking":3,
         "intelligence":4,
         "easyToTrain":1,
         "toleratesHot":3,
         "toleratesCold":4
      },
      {  
         "id":"kuvasz",
         "name":"Kuvasz",
         "size":5,
         "kidFriendly":1,
         "dogFriendly":1,
         "lowShedding":2,
         "easyToGroom":4,
         "highEnergy":4,
         "goodHealth":4,
         "lowBarking":3,
         "intelligence":4,
         "easyToTrain":2,
         "toleratesHot":2,
         "toleratesCold":5
      },
      {  
         "id":"labradoodle",
         "name":"Labradoodle",
         "size":4,
         "kidFriendly":4,
         "dogFriendly":4,
         "lowShedding":3,
         "easyToGroom":4,
         "highEnergy":5,
         "goodHealth":4,
         "lowBarking":4,
         "intelligence":4,
         "easyToTrain":4,
         "toleratesHot":4,
         "toleratesCold":5
      },
      {  
         "id":"labrador-retriever",
         "name":"Labrador Retriever",
         "size":4,
         "kidFriendly":5,
         "dogFriendly":5,
         "lowShedding":1,
         "easyToGroom":5,
         "highEnergy":5,
         "goodHealth":3,
         "lowBarking":2,
         "intelligence":5,
         "easyToTrain":5,
         "toleratesHot":3,
         "toleratesCold":3
      },
      {  
         "id":"lakeland-terrier",
         "name":"Lakeland Terrier",
         "size":2,
         "kidFriendly":4,
         "dogFriendly":4,
         "lowShedding":4,
         "easyToGroom":2,
         "highEnergy":5,
         "goodHealth":5,
         "lowBarking":4,
         "intelligence":4,
         "easyToTrain":2,
         "toleratesHot":4,
         "toleratesCold":4
      },
      {  
         "id":"lancashire-heeler",
         "name":"Lancashire Heeler",
         "size":1,
         "kidFriendly":3,
         "dogFriendly":3,
         "lowShedding":3,
         "easyToGroom":4,
         "highEnergy":4,
         "goodHealth":4,
         "lowBarking":4,
         "intelligence":4,
         "easyToTrain":3,
         "toleratesHot":3,
         "toleratesCold":3
      },
      {  
         "id":"leonberger",
         "name":"Leonberger",
         "size":5,
         "kidFriendly":4,
         "dogFriendly":4,
         "lowShedding":1,
         "easyToGroom":4,
         "highEnergy":4,
         "goodHealth":1,
         "lowBarking":3,
         "intelligence":3,
         "easyToTrain":2,
         "toleratesHot":1,
         "toleratesCold":5
      },
      {  
         "id":"lhasa-apso",
         "name":"Lhasa Apso",
         "size":1,
         "kidFriendly":4,
         "dogFriendly":4,
         "lowShedding":3,
         "easyToGroom":1,
         "highEnergy":4,
         "goodHealth":3,
         "lowBarking":2,
         "intelligence":4,
         "easyToTrain":3,
         "toleratesHot":2,
         "toleratesCold":3
      },
      {  
         "id":"lowchen",
         "name":"Lowchen",
         "size":1,
         "kidFriendly":5,
         "dogFriendly":5,
         "lowShedding":3,
         "easyToGroom":3,
         "highEnergy":4,
         "goodHealth":5,
         "lowBarking":2,
         "intelligence":4,
         "easyToTrain":5,
         "toleratesHot":3,
         "toleratesCold":3
      },
      {  
         "id":"maltese",
         "name":"Maltese",
         "size":1,
         "kidFriendly":3,
         "dogFriendly":3,
         "lowShedding":4,
         "easyToGroom":2,
         "highEnergy":3,
         "goodHealth":3,
         "lowBarking":4,
         "intelligence":4,
         "easyToTrain":4,
         "toleratesHot":3,
         "toleratesCold":1
      },
      {  
         "id":"maltese-shih-tzu",
         "name":"Maltese Shih Tzu",
         "size":1,
         "kidFriendly":3,
         "dogFriendly":3,
         "lowShedding":5,
         "easyToGroom":2,
         "highEnergy":3,
         "goodHealth":2,
         "lowBarking":2,
         "intelligence":3,
         "easyToTrain":4,
         "toleratesHot":2,
         "toleratesCold":2
      },
      {  
         "id":"maltipoo",
         "name":"Maltipoo",
         "size":2,
         "kidFriendly":4,
         "dogFriendly":4,
         "lowShedding":5,
         "easyToGroom":3,
         "highEnergy":3,
         "goodHealth":2,
         "lowBarking":1,
         "intelligence":4,
         "easyToTrain":5,
         "toleratesHot":3,
         "toleratesCold":2
      },
      {  
         "id":"manchester-terrier",
         "name":"Manchester Terrier",
         "size":2,
         "kidFriendly":3,
         "dogFriendly":3,
         "lowShedding":3,
         "easyToGroom":5,
         "highEnergy":4,
         "goodHealth":2,
         "lowBarking":2,
         "intelligence":4,
         "easyToTrain":2,
         "toleratesHot":3,
         "toleratesCold":1
      },
      {  
         "id":"mastiff",
         "name":"Mastiff",
         "size":5,
         "kidFriendly":5,
         "dogFriendly":5,
         "lowShedding":3,
         "easyToGroom":3,
         "highEnergy":3,
         "goodHealth":3,
         "lowBarking":4,
         "intelligence":2,
         "easyToTrain":3,
         "toleratesHot":1,
         "toleratesCold":4
      },
      {  
         "id":"miniature-pinscher",
         "name":"Miniature Pinscher",
         "size":1,
         "kidFriendly":3,
         "dogFriendly":3,
         "lowShedding":4,
         "easyToGroom":5,
         "highEnergy":4,
         "goodHealth":3,
         "lowBarking":5,
         "intelligence":3,
         "easyToTrain":3,
         "toleratesHot":3,
         "toleratesCold":1
      },
      {  
         "id":"miniature-schnauzer",
         "name":"Miniature Schnauzer",
         "size":2,
         "kidFriendly":3,
         "dogFriendly":3,
         "lowShedding":4,
         "easyToGroom":2,
         "highEnergy":5,
         "goodHealth":3,
         "lowBarking":3,
         "intelligence":4,
         "easyToTrain":5,
         "toleratesHot":4,
         "toleratesCold":4
      },
      {  
         "id":"mutt",
         "name":"Mutt",
         "size":3,
         "kidFriendly":3,
         "dogFriendly":3,
         "lowShedding":3,
         "easyToGroom":3,
         "highEnergy":3,
         "goodHealth":4,
         "lowBarking":3,
         "intelligence":4,
         "easyToTrain":4,
         "toleratesHot":3,
         "toleratesCold":3
      },
      {  
         "id":"neapolitan-mastiff",
         "name":"Neapolitan Mastiff",
         "size":5,
         "kidFriendly":4,
         "dogFriendly":4,
         "lowShedding":3,
         "easyToGroom":3,
         "highEnergy":3,
         "goodHealth":2,
         "lowBarking":5,
         "intelligence":3,
         "easyToTrain":3,
         "toleratesHot":2,
         "toleratesCold":1
      },
      {  
         "id":"newfoundland",
         "name":"Newfoundland",
         "size":5,
         "kidFriendly":5,
         "dogFriendly":5,
         "lowShedding":1,
         "easyToGroom":2,
         "highEnergy":3,
         "goodHealth":1,
         "lowBarking":2,
         "intelligence":4,
         "easyToTrain":5,
         "toleratesHot":2,
         "toleratesCold":5
      },
      {  
         "id":"norfolk-terrier",
         "name":"Norfolk Terrier",
         "size":1,
         "kidFriendly":4,
         "dogFriendly":4,
         "lowShedding":5,
         "easyToGroom":4,
         "highEnergy":4,
         "goodHealth":5,
         "lowBarking":3,
         "intelligence":4,
         "easyToTrain":5,
         "toleratesHot":4,
         "toleratesCold":4
      },
      {  
         "id":"norwegian-buhund",
         "name":"Norwegian Buhund",
         "size":3,
         "kidFriendly":5,
         "dogFriendly":5,
         "lowShedding":3,
         "easyToGroom":2,
         "highEnergy":4,
         "goodHealth":4,
         "lowBarking":2,
         "intelligence":3,
         "easyToTrain":4,
         "toleratesHot":2,
         "toleratesCold":5
      },
      {  
         "id":"norwegian-elkhound",
         "name":"Norwegian Elkhound",
         "size":3,
         "kidFriendly":4,
         "dogFriendly":4,
         "lowShedding":1,
         "easyToGroom":3,
         "highEnergy":5,
         "goodHealth":4,
         "lowBarking":2,
         "intelligence":4,
         "easyToTrain":2,
         "toleratesHot":3,
         "toleratesCold":5
      },
      {  
         "id":"norwegian-lundehund",
         "name":"Norwegian Lundehund",
         "size":3,
         "kidFriendly":5,
         "dogFriendly":5,
         "lowShedding":1,
         "easyToGroom":4,
         "highEnergy":4,
         "goodHealth":3,
         "lowBarking":5,
         "intelligence":5,
         "easyToTrain":4,
         "toleratesHot":3,
         "toleratesCold":5
      },
      {  
         "id":"norwich-terrier",
         "name":"Norwich Terrier",
         "size":1,
         "kidFriendly":5,
         "dogFriendly":5,
         "lowShedding":4,
         "easyToGroom":2,
         "highEnergy":5,
         "goodHealth":4,
         "lowBarking":2,
         "intelligence":4,
         "easyToTrain":4,
         "toleratesHot":4,
         "toleratesCold":4
      },
      {  
         "id":"nova-scotia-duck-tolling-retriever",
         "name":"Nova Scotia Duck Tolling Retriever",
         "size":3,
         "kidFriendly":5,
         "dogFriendly":5,
         "lowShedding":3,
         "easyToGroom":5,
         "highEnergy":5,
         "goodHealth":4,
         "lowBarking":2,
         "intelligence":5,
         "easyToTrain":4,
         "toleratesHot":4,
         "toleratesCold":4
      },
      {  
         "id":"old-english-sheepdog",
         "name":"Old English Sheepdog",
         "size":4,
         "kidFriendly":4,
         "dogFriendly":4,
         "lowShedding":1,
         "easyToGroom":1,
         "highEnergy":4,
         "goodHealth":4,
         "lowBarking":5,
         "intelligence":4,
         "easyToTrain":3,
         "toleratesHot":2,
         "toleratesCold":4
      },
      {  
         "id":"otterhound",
         "name":"Otterhound",
         "size":4,
         "kidFriendly":5,
         "dogFriendly":5,
         "lowShedding":2,
         "easyToGroom":2,
         "highEnergy":5,
         "goodHealth":4,
         "lowBarking":4,
         "intelligence":4,
         "easyToTrain":2,
         "toleratesHot":3,
         "toleratesCold":4
      },
      {  
         "id":"papillon",
         "name":"Papillon",
         "size":1,
         "kidFriendly":3,
         "dogFriendly":3,
         "lowShedding":4,
         "easyToGroom":3,
         "highEnergy":4,
         "goodHealth":3,
         "lowBarking":4,
         "intelligence":4,
         "easyToTrain":5,
         "toleratesHot":4,
         "toleratesCold":2
      },
      {  
         "id":"peekapoo",
         "name":"Peekapoo",
         "size":1,
         "kidFriendly":4,
         "dogFriendly":4,
         "lowShedding":4,
         "easyToGroom":2,
         "highEnergy":3,
         "goodHealth":3,
         "lowBarking":2,
         "intelligence":4,
         "easyToTrain":3,
         "toleratesHot":2,
         "toleratesCold":3
      },
      {  
         "id":"pekingese",
         "name":"Pekingese",
         "size":1,
         "kidFriendly":2,
         "dogFriendly":2,
         "lowShedding":2,
         "easyToGroom":1,
         "highEnergy":2,
         "goodHealth":2,
         "lowBarking":2,
         "intelligence":4,
         "easyToTrain":3,
         "toleratesHot":1,
         "toleratesCold":4
      },
      {  
         "id":"pembroke-welsh-corgi",
         "name":"Pembroke Welsh Corgi",
         "size":2,
         "kidFriendly":4,
         "dogFriendly":4,
         "lowShedding":1,
         "easyToGroom":4,
         "highEnergy":4,
         "goodHealth":3,
         "lowBarking":4,
         "intelligence":5,
         "easyToTrain":5,
         "toleratesHot":3,
         "toleratesCold":4
      },
      {  
         "id":"petit-basset-griffon-vendeen",
         "name":"Petit Basset Griffon Vendeen",
         "size":2,
         "kidFriendly":5,
         "dogFriendly":5,
         "lowShedding":2,
         "easyToGroom":2,
         "highEnergy":5,
         "goodHealth":3,
         "lowBarking":1,
         "intelligence":4,
         "easyToTrain":1,
         "toleratesHot":3,
         "toleratesCold":4
      },
      {  
         "id":"pharaoh-hound",
         "name":"Pharaoh Hound",
         "size":3,
         "kidFriendly":5,
         "dogFriendly":5,
         "lowShedding":4,
         "easyToGroom":4,
         "highEnergy":2,
         "goodHealth":5,
         "lowBarking":2,
         "intelligence":4,
         "easyToTrain":3,
         "toleratesHot":5,
         "toleratesCold":1
      },
      {  
         "id":"plott",
         "name":"Plott",
         "size":3,
         "kidFriendly":3,
         "dogFriendly":3,
         "lowShedding":4,
         "easyToGroom":5,
         "highEnergy":4,
         "goodHealth":5,
         "lowBarking":5,
         "intelligence":3,
         "easyToTrain":4,
         "toleratesHot":4,
         "toleratesCold":2
      },
      {  
         "id":"pocket-beagle",
         "name":"Pocket Beagle",
         "size":2,
         "kidFriendly":5,
         "dogFriendly":5,
         "lowShedding":3,
         "easyToGroom":5,
         "highEnergy":4,
         "goodHealth":3,
         "lowBarking":1,
         "intelligence":4,
         "easyToTrain":3,
         "toleratesHot":4,
         "toleratesCold":2
      },
      {  
         "id":"pointer",
         "name":"Pointer",
         "size":3,
         "kidFriendly":5,
         "dogFriendly":5,
         "lowShedding":3,
         "easyToGroom":5,
         "highEnergy":5,
         "goodHealth":3,
         "lowBarking":3,
         "intelligence":5,
         "easyToTrain":5,
         "toleratesHot":4,
         "toleratesCold":2
      },
      {  
         "id":"polish-lowland-sheepdog",
         "name":"Polish Lowland Sheepdog",
         "size":3,
         "kidFriendly":4,
         "dogFriendly":4,
         "lowShedding":5,
         "easyToGroom":1,
         "highEnergy":4,
         "goodHealth":4,
         "lowBarking":4,
         "intelligence":4,
         "easyToTrain":4,
         "toleratesHot":4,
         "toleratesCold":4
      },
      {  
         "id":"pomeranian",
         "name":"Pomeranian",
         "size":1,
         "kidFriendly":2,
         "dogFriendly":2,
         "lowShedding":2,
         "easyToGroom":2,
         "highEnergy":3,
         "goodHealth":3,
         "lowBarking":1,
         "intelligence":4,
         "easyToTrain":4,
         "toleratesHot":2,
         "toleratesCold":4
      },
      {  
         "id":"poodle",
         "name":"Poodle",
         "size":4,
         "kidFriendly":5,
         "dogFriendly":5,
         "lowShedding":5,
         "easyToGroom":1,
         "highEnergy":4,
         "goodHealth":2,
         "lowBarking":4,
         "intelligence":5,
         "easyToTrain":5,
         "toleratesHot":4,
         "toleratesCold":3
      },
      {  
         "id":"portuguese-water-dog",
         "name":"Portuguese Water Dog",
         "size":3,
         "kidFriendly":5,
         "dogFriendly":5,
         "lowShedding":5,
         "easyToGroom":2,
         "highEnergy":5,
         "goodHealth":4,
         "lowBarking":3,
         "intelligence":5,
         "easyToTrain":4,
         "toleratesHot":3,
         "toleratesCold":4
      },
      {  
         "id":"pug",
         "name":"Pug",
         "size":2,
         "kidFriendly":4,
         "dogFriendly":4,
         "lowShedding":1,
         "easyToGroom":5,
         "highEnergy":3,
         "goodHealth":1,
         "lowBarking":4,
         "intelligence":2,
         "easyToTrain":3,
         "toleratesHot":1,
         "toleratesCold":2
      },
      {  
         "id":"puggle",
         "name":"Puggle",
         "size":2,
         "kidFriendly":5,
         "dogFriendly":5,
         "lowShedding":3,
         "easyToGroom":5,
         "highEnergy":3,
         "goodHealth":4,
         "lowBarking":2,
         "intelligence":3,
         "easyToTrain":2,
         "toleratesHot":3,
         "toleratesCold":3
      },
      {  
         "id":"puli",
         "name":"Puli",
         "size":3,
         "kidFriendly":5,
         "dogFriendly":5,
         "lowShedding":5,
         "easyToGroom":1,
         "highEnergy":5,
         "goodHealth":5,
         "lowBarking":2,
         "intelligence":4,
         "easyToTrain":2,
         "toleratesHot":3,
         "toleratesCold":4
      },
      {  
         "id":"pyrenean-shepherd",
         "name":"Pyrenean Shepherd",
         "size":2,
         "kidFriendly":5,
         "dogFriendly":5,
         "lowShedding":3,
         "easyToGroom":3,
         "highEnergy":4,
         "goodHealth":2,
         "lowBarking":1,
         "intelligence":4,
         "easyToTrain":2,
         "toleratesHot":3,
         "toleratesCold":4
      },
      {  
         "id":"rat-terrier",
         "name":"Rat Terrier",
         "size":1,
         "kidFriendly":5,
         "dogFriendly":5,
         "lowShedding":2,
         "easyToGroom":5,
         "highEnergy":5,
         "goodHealth":4,
         "lowBarking":5,
         "intelligence":4,
         "easyToTrain":5,
         "toleratesHot":4,
         "toleratesCold":1
      },
      {  
         "id":"redbone-coonhound",
         "name":"Redbone Coonhound",
         "size":3,
         "kidFriendly":5,
         "dogFriendly":5,
         "lowShedding":4,
         "easyToGroom":5,
         "highEnergy":4,
         "goodHealth":3,
         "lowBarking":2,
         "intelligence":4,
         "easyToTrain":3,
         "toleratesHot":2,
         "toleratesCold":3
      },
      {  
         "id":"rhodesian-ridgeback",
         "name":"Rhodesian Ridgeback",
         "size":4,
         "kidFriendly":4,
         "dogFriendly":4,
         "lowShedding":5,
         "easyToGroom":5,
         "highEnergy":4,
         "goodHealth":4,
         "lowBarking":5,
         "intelligence":4,
         "easyToTrain":2,
         "toleratesHot":3,
         "toleratesCold":3
      },
      {  
         "id":"rottweiler",
         "name":"Rottweiler",
         "size":3,
         "kidFriendly":4,
         "dogFriendly":4,
         "lowShedding":2,
         "easyToGroom":5,
         "highEnergy":4,
         "goodHealth":2,
         "lowBarking":2,
         "intelligence":5,
         "easyToTrain":4,
         "toleratesHot":3,
         "toleratesCold":2
      },
      {  
         "id":"saint-bernard",
         "name":"Saint Bernard",
         "size":5,
         "kidFriendly":5,
         "dogFriendly":5,
         "lowShedding":2,
         "easyToGroom":2,
         "highEnergy":3,
         "goodHealth":2,
         "lowBarking":5,
         "intelligence":4,
         "easyToTrain":2,
         "toleratesHot":1,
         "toleratesCold":5
      },
      {  
         "id":"saluki",
         "name":"Saluki",
         "size":4,
         "kidFriendly":4,
         "dogFriendly":4,
         "lowShedding":4,
         "easyToGroom":4,
         "highEnergy":5,
         "goodHealth":4,
         "lowBarking":5,
         "intelligence":4,
         "easyToTrain":4,
         "toleratesHot":3,
         "toleratesCold":2
      },
      {  
         "id":"samoyed",
         "name":"Samoyed",
         "size":3,
         "kidFriendly":5,
         "dogFriendly":5,
         "lowShedding":1,
         "easyToGroom":1,
         "highEnergy":5,
         "goodHealth":3,
         "lowBarking":3,
         "intelligence":3,
         "easyToTrain":3,
         "toleratesHot":1,
         "toleratesCold":5
      },
      {  
         "id":"schipperke",
         "name":"Schipperke",
         "size":1,
         "kidFriendly":5,
         "dogFriendly":5,
         "lowShedding":3,
         "easyToGroom":5,
         "highEnergy":5,
         "goodHealth":4,
         "lowBarking":2,
         "intelligence":4,
         "easyToTrain":2,
         "toleratesHot":2,
         "toleratesCold":3
      },
      {  
         "id":"schnoodle",
         "name":"Schnoodle",
         "size":4,
         "kidFriendly":5,
         "dogFriendly":5,
         "lowShedding":4,
         "easyToGroom":4,
         "highEnergy":4,
         "goodHealth":3,
         "lowBarking":4,
         "intelligence":5,
         "easyToTrain":4,
         "toleratesHot":4,
         "toleratesCold":2
      },
      {  
         "id":"scottish-deerhound",
         "name":"Scottish Deerhound",
         "size":5,
         "kidFriendly":4,
         "dogFriendly":4,
         "lowShedding":1,
         "easyToGroom":2,
         "highEnergy":5,
         "goodHealth":3,
         "lowBarking":5,
         "intelligence":3,
         "easyToTrain":2,
         "toleratesHot":4,
         "toleratesCold":4
      },
      {  
         "id":"scottish-terrier",
         "name":"Scottish Terrier",
         "size":2,
         "kidFriendly":4,
         "dogFriendly":4,
         "lowShedding":4,
         "easyToGroom":2,
         "highEnergy":4,
         "goodHealth":4,
         "lowBarking":2,
         "intelligence":4,
         "easyToTrain":1,
         "toleratesHot":3,
         "toleratesCold":4
      },
      {  
         "id":"sealyham-terrier",
         "name":"Sealyham Terrier",
         "size":2,
         "kidFriendly":4,
         "dogFriendly":4,
         "lowShedding":2,
         "easyToGroom":1,
         "highEnergy":4,
         "goodHealth":5,
         "lowBarking":4,
         "intelligence":4,
         "easyToTrain":3,
         "toleratesHot":3,
         "toleratesCold":4
      },
      {  
         "id":"shetland-sheepdog",
         "name":"Shetland Sheepdog",
         "size":1,
         "kidFriendly":5,
         "dogFriendly":5,
         "lowShedding":1,
         "easyToGroom":2,
         "highEnergy":4,
         "goodHealth":4,
         "lowBarking":5,
         "intelligence":5,
         "easyToTrain":5,
         "toleratesHot":3,
         "toleratesCold":4
      },
      {  
         "id":"shiba-inu",
         "name":"Shiba Inu",
         "size":2,
         "kidFriendly":3,
         "dogFriendly":3,
         "lowShedding":2,
         "easyToGroom":4,
         "highEnergy":4,
         "goodHealth":3,
         "lowBarking":2,
         "intelligence":4,
         "easyToTrain":2,
         "toleratesHot":3,
         "toleratesCold":4
      },
      {  
         "id":"shih-tzu",
         "name":"Shih Tzu",
         "size":1,
         "kidFriendly":4,
         "dogFriendly":4,
         "lowShedding":3,
         "easyToGroom":1,
         "highEnergy":2,
         "goodHealth":3,
         "lowBarking":4,
         "intelligence":4,
         "easyToTrain":3,
         "toleratesHot":1,
         "toleratesCold":3
      },
      {  
         "id":"siberian-husky",
         "name":"Siberian Husky",
         "size":3,
         "kidFriendly":5,
         "dogFriendly":5,
         "lowShedding":3,
         "easyToGroom":2,
         "highEnergy":5,
         "goodHealth":4,
         "lowBarking":1,
         "intelligence":3,
         "easyToTrain":2,
         "toleratesHot":3,
         "toleratesCold":5
      },
      {  
         "id":"silky-terrier",
         "name":"Silky Terrier",
         "size":1,
         "kidFriendly":3,
         "dogFriendly":3,
         "lowShedding":4,
         "easyToGroom":4,
         "highEnergy":4,
         "goodHealth":4,
         "lowBarking":2,
         "intelligence":4,
         "easyToTrain":4,
         "toleratesHot":4,
         "toleratesCold":1
      },
      {  
         "id":"skye-terrier",
         "name":"Skye Terrier",
         "size":2,
         "kidFriendly":4,
         "dogFriendly":4,
         "lowShedding":3,
         "easyToGroom":3,
         "highEnergy":3,
         "goodHealth":5,
         "lowBarking":2,
         "intelligence":4,
         "easyToTrain":2,
         "toleratesHot":4,
         "toleratesCold":4
      },
      {  
         "id":"sloughi",
         "name":"Sloughi",
         "size":4,
         "kidFriendly":5,
         "dogFriendly":5,
         "lowShedding":3,
         "easyToGroom":5,
         "highEnergy":5,
         "goodHealth":3,
         "lowBarking":4,
         "intelligence":4,
         "easyToTrain":3,
         "toleratesHot":3,
         "toleratesCold":2
      },
      {  
         "id":"small-munsterlander-pointer",
         "name":"Small Munsterlander Pointer",
         "size":3,
         "kidFriendly":5,
         "dogFriendly":5,
         "lowShedding":3,
         "easyToGroom":3,
         "highEnergy":4,
         "goodHealth":5,
         "lowBarking":3,
         "intelligence":5,
         "easyToTrain":5,
         "toleratesHot":3,
         "toleratesCold":5
      },
      {  
         "id":"soft-coated-wheaten-terrier",
         "name":"Soft Coated Wheaten Terrier",
         "size":3,
         "kidFriendly":5,
         "dogFriendly":5,
         "lowShedding":4,
         "easyToGroom":3,
         "highEnergy":4,
         "goodHealth":4,
         "lowBarking":3,
         "intelligence":4,
         "easyToTrain":4,
         "toleratesHot":3,
         "toleratesCold":2
      },
      {  
         "id":"stabyhoun",
         "name":"Stabyhoun",
         "size":3,
         "kidFriendly":5,
         "dogFriendly":5,
         "lowShedding":3,
         "easyToGroom":3,
         "highEnergy":3,
         "goodHealth":5,
         "lowBarking":3,
         "intelligence":5,
         "easyToTrain":5,
         "toleratesHot":2,
         "toleratesCold":2
      },
      {  
         "id":"staffordshire-bull-terrier",
         "name":"Staffordshire Bull Terrier",
         "size":2,
         "kidFriendly":5,
         "dogFriendly":5,
         "lowShedding":3,
         "easyToGroom":5,
         "highEnergy":3,
         "goodHealth":3,
         "lowBarking":3,
         "intelligence":3,
         "easyToTrain":2,
         "toleratesHot":1,
         "toleratesCold":3
      },
      {  
         "id":"standard-schnauzer",
         "name":"Standard Schnauzer",
         "size":3,
         "kidFriendly":4,
         "dogFriendly":4,
         "lowShedding":5,
         "easyToGroom":2,
         "highEnergy":5,
         "goodHealth":5,
         "lowBarking":4,
         "intelligence":5,
         "easyToTrain":3,
         "toleratesHot":4,
         "toleratesCold":4
      },
      {  
         "id":"sussex-spaniel",
         "name":"Sussex Spaniel",
         "size":2,
         "kidFriendly":5,
         "dogFriendly":5,
         "lowShedding":3,
         "easyToGroom":4,
         "highEnergy":2,
         "goodHealth":4,
         "lowBarking":2,
         "intelligence":5,
         "easyToTrain":3,
         "toleratesHot":5,
         "toleratesCold":5
      },
      {  
         "id":"swedish-vallhund",
         "name":"Swedish Vallhund",
         "size":3,
         "kidFriendly":4,
         "dogFriendly":4,
         "lowShedding":5,
         "easyToGroom":5,
         "highEnergy":5,
         "goodHealth":4,
         "lowBarking":5,
         "intelligence":5,
         "easyToTrain":5,
         "toleratesHot":3,
         "toleratesCold":4
      },
      {  
         "id":"tibetan-mastiff",
         "name":"Tibetan Mastiff",
         "size":5,
         "kidFriendly":5,
         "dogFriendly":5,
         "lowShedding":4,
         "easyToGroom":4,
         "highEnergy":4,
         "goodHealth":3,
         "lowBarking":4,
         "intelligence":5,
         "easyToTrain":1,
         "toleratesHot":2,
         "toleratesCold":5
      },
      {  
         "id":"tibetan-spaniel",
         "name":"Tibetan Spaniel",
         "size":1,
         "kidFriendly":5,
         "dogFriendly":5,
         "lowShedding":3,
         "easyToGroom":4,
         "highEnergy":3,
         "goodHealth":5,
         "lowBarking":2,
         "intelligence":4,
         "easyToTrain":4,
         "toleratesHot":2,
         "toleratesCold":1
      },
      {  
         "id":"tibetan-terrier",
         "name":"Tibetan Terrier",
         "size":2,
         "kidFriendly":5,
         "dogFriendly":5,
         "lowShedding":1,
         "easyToGroom":1,
         "highEnergy":5,
         "goodHealth":5,
         "lowBarking":4,
         "intelligence":4,
         "easyToTrain":4,
         "toleratesHot":4,
         "toleratesCold":4
      },
      {  
         "id":"toy-fox-terrier",
         "name":"Toy Fox Terrier",
         "size":1,
         "kidFriendly":4,
         "dogFriendly":4,
         "lowShedding":2,
         "easyToGroom":5,
         "highEnergy":5,
         "goodHealth":5,
         "lowBarking":2,
         "intelligence":4,
         "easyToTrain":3,
         "toleratesHot":3,
         "toleratesCold":2
      },
      {  
         "id":"treeing-tennessee-brindle",
         "name":"Treeing Tennessee Brindle",
         "size":3,
         "kidFriendly":4,
         "dogFriendly":4,
         "lowShedding":2,
         "easyToGroom":5,
         "highEnergy":4,
         "goodHealth":4,
         "lowBarking":5,
         "intelligence":4,
         "easyToTrain":3,
         "toleratesHot":3,
         "toleratesCold":3
      },
      {  
         "id":"treeing-walker-coonhound",
         "name":"Treeing Walker Coonhound",
         "size":4,
         "kidFriendly":4,
         "dogFriendly":4,
         "lowShedding":3,
         "easyToGroom":5,
         "highEnergy":4,
         "goodHealth":4,
         "lowBarking":1,
         "intelligence":4,
         "easyToTrain":2,
         "toleratesHot":3,
         "toleratesCold":3
      },
      {  
         "id":"vizsla",
         "name":"Vizsla",
         "size":3,
         "kidFriendly":5,
         "dogFriendly":5,
         "lowShedding":4,
         "easyToGroom":5,
         "highEnergy":5,
         "goodHealth":4,
         "lowBarking":1,
         "intelligence":4,
         "easyToTrain":5,
         "toleratesHot":4,
         "toleratesCold":1
      },
      {  
         "id":"weimaraner",
         "name":"Weimaraner",
         "size":4,
         "kidFriendly":4,
         "dogFriendly":4,
         "lowShedding":2,
         "easyToGroom":5,
         "highEnergy":5,
         "goodHealth":3,
         "lowBarking":4,
         "intelligence":5,
         "easyToTrain":4,
         "toleratesHot":4,
         "toleratesCold":3
      },
      {  
         "id":"welsh-springer-spaniel",
         "name":"Welsh Springer Spaniel",
         "size":3,
         "kidFriendly":5,
         "dogFriendly":5,
         "lowShedding":3,
         "easyToGroom":4,
         "highEnergy":5,
         "goodHealth":4,
         "lowBarking":1,
         "intelligence":5,
         "easyToTrain":5,
         "toleratesHot":4,
         "toleratesCold":4
      },
      {  
         "id":"welsh-terrier",
         "name":"Welsh Terrier",
         "size":2,
         "kidFriendly":5,
         "dogFriendly":5,
         "lowShedding":4,
         "easyToGroom":2,
         "highEnergy":5,
         "goodHealth":5,
         "lowBarking":2,
         "intelligence":5,
         "easyToTrain":3,
         "toleratesHot":2,
         "toleratesCold":2
      },
      {  
         "id":"west-highland-white-terrier",
         "name":"West Highland White Terrier",
         "size":2,
         "kidFriendly":4,
         "dogFriendly":4,
         "lowShedding":2,
         "easyToGroom":3,
         "highEnergy":4,
         "goodHealth":3,
         "lowBarking":2,
         "intelligence":4,
         "easyToTrain":4,
         "toleratesHot":3,
         "toleratesCold":4
      },
      {  
         "id":"whippet",
         "name":"Whippet",
         "size":3,
         "kidFriendly":5,
         "dogFriendly":5,
         "lowShedding":4,
         "easyToGroom":5,
         "highEnergy":5,
         "goodHealth":4,
         "lowBarking":5,
         "intelligence":4,
         "easyToTrain":4,
         "toleratesHot":4,
         "toleratesCold":1
      },
      {  
         "id":"wirehaired-pointing-griffon",
         "name":"Wirehaired Pointing Griffon",
         "size":3,
         "kidFriendly":5,
         "dogFriendly":5,
         "lowShedding":5,
         "easyToGroom":3,
         "highEnergy":5,
         "goodHealth":4,
         "lowBarking":2,
         "intelligence":5,
         "easyToTrain":5,
         "toleratesHot":3,
         "toleratesCold":4
      },
      {  
         "id":"xoloitzuintli",
         "name":"Xoloitzcuintli",
         "size":3,
         "kidFriendly":3,
         "dogFriendly":3,
         "lowShedding":1,
         "easyToGroom":5,
         "highEnergy":3,
         "goodHealth":5,
         "lowBarking":1,
         "intelligence":5,
         "easyToTrain":3,
         "toleratesHot":3,
         "toleratesCold":3
      },
      {  
         "id":"yorkipoo",
         "name":"Yorkipoo",
         "size":1,
         "kidFriendly":4,
         "dogFriendly":4,
         "lowShedding":5,
         "easyToGroom":4,
         "highEnergy":5,
         "goodHealth":3,
         "lowBarking":1,
         "intelligence":4,
         "easyToTrain":4,
         "toleratesHot":3,
         "toleratesCold":2
      },
      {  
         "id":"yorkshire-terrier",
         "name":"Yorkshire Terrier",
         "size":1,
         "kidFriendly":2,
         "dogFriendly":2,
         "lowShedding":4,
         "easyToGroom":1,
         "highEnergy":5,
         "goodHealth":4,
         "lowBarking":3,
         "intelligence":3,
         "easyToTrain":3,
         "toleratesHot":2,
         "toleratesCold":2
      }
   ]
}